id,username,password,full_name,email,phone_number,is_admin
1,ovi,$5$rounds=535000$nxFwyayMCrAfUC8t$Oj7wrg6s9Vel.ymhZrOJAeTjGiDk7SwS/ixe775nkQ4,da,ovi.pro@yahoo.com,0773978453,1
2,mario,$5$rounds=535000$LoMOqM6Qy5BRSVtK$oxGFftJds1oUIgmwiyZmbwmrytNjE9JRb5ygeq.CXM5,Mario Stuart,mario.stuart@yahoo.com,0773324313,0
3,andrei,$5$rounds=535000$LoMOqM6Qy5BRSVtK$oxGFftJds1oUIgmwiyZmbwmrytNjE9JRb5ygeq.CXM5,Andrei Milano,andrei@yahoo.com,0723224313,1
5,george,$5$rounds=535000$LoMOqM6Qy5BRSVtK$oxGFftJds1oUIgmwiyZmbwmrytNjE9JRb5ygeq.CXM5,George Vesa,g_vesa@yahooss.com,0767446313,1
6,andi,$5$rounds=535000$LoMOqM6Qy5BRSVtK$oxGFftJds1oUIgmwiyZmbwmrytNjE9JRb5ygeq.CXM5,Andi Popescu,andi_pop@yahooss.com,0790046313,0
10,asmith,$5$rounds=535000$.lGpw41WUTC8igSe$LypTB6Yu1EdM4SNFfFu0ST/nIS22Iez/ogldzlCagKB,Adam Smith,asmith@yahoo.com,0734658214,0
13,dia,$5$rounds=535000$e46IIdQEGMwc4kfq$5rh26.7y0NK7nTDihD3TBAA8sjpTc/YjXsKjCoxPVk8,diana,diana_123@yahoo.com,075456,
15,blx,$5$rounds=535000$UD9bRpVaFyOe8/XP$m4dNo2x8Ag9nKvemS4xlm7DDu3.FanQSgAqbqWLgtwC,Alex Angel,aaaaaa@ad.com,0771314248,1
